<?xml version="1.0" encoding="UTF-8" ?>
<!DOCTYPE mapper
 PUBLIC "-//mybatis.org//DTD Mapper 3.0//EN"
"http://mybatis.org/dtd/mybatis-3-mapper.dtd">
<mapper namespace="com.zhuzi.dao.LoginDao">
	<!-- 销售单详情 -->
	<select id="getLoginYonghu" parameterType="java.util.Map" resultType="java.util.HashMap">
		SELECT
			A.YONGHU_UUID,
			A.YONGHU_CODE,
			A.YONGHU_NAME,
			A.YONGHU_PASSWORD,
			A.YONGHU_NICKNAME
		FROM 
			YONGHU A
		WHERE 
			A.YONGHU_CODE = #{YONGHU_CODE}
		AND 
			A.YONGHU_PASSWORD = #{YONGHU_PASSWORD}
	</select>
	
	<insert id="impUsers" parameterType="java.util.Map">
		INSERT INTO YONGHU
		  (YONGHU_UUID,YONGHU_CODE,YONGHU_NAME,YONGHU_PASSWORD,YONGHU_NICKNAME)
		<foreach open="(" close=")" collection="list" item="item" index="index" separator="UNION">
		 SELECT 
		        #{item.YONGHU_UUID,jdbcType=VARCHAR},
				#{item.YONGHU_CODE,jdbcType=VARCHAR},
				#{item.YONGHU_NAME,jdbcType=VARCHAR},
				#{item.YONGHU_PASSWORD,jdbcType=VARCHAR},
				#{item.YONGHU_NICKNAME,jdbcType=VARCHAR}
		     FROM dual
		   </foreach>
	</insert>
	
	<update id="uploadPic" parameterType="java.util.Map">
		UPDATE YONGHU
		SET	TOUXIANG_PATH = #{TOUXIANG_PATH},
			TOUXIANG_NAME = #{TOUXIANG_NAME}	
		WHERE YONGHU_CODE = #{YONGHU_CODE}
	</update>
</mapper>
