<?xml version="1.0" encoding="UTF-8"?>
<beans xmlns="http://www.springframework.org/schema/beans"
  xmlns:xsi="http://www.w3.org/2001/XMLSchema-instance"
  xmlns:p="http://www.springframework.org/schema/p"
  xmlns:context="http://www.springframework.org/schema/context"
  xmlns:aop="http://www.springframework.org/schema/aop"
  xmlns:tx="http://www.springframework.org/schema/tx"
  xmlns:util="http://www.springframework.org/schema/util"
  xsi:schemaLocation="http://www.springframework.org/schema/beans
    http://www.springframework.org/schema/beans/spring-beans-3.2.xsd
    http://www.springframework.org/schema/context
    http://www.springframework.org/schema/context/spring-context-3.2.xsd
    http://www.springframework.org/schema/tx
    http://www.springframework.org/schema/tx/spring-tx-3.2.xsd
    http://www.springframework.org/schema/aop
    http://www.springframework.org/schema/aop/spring-aop-3.2.xsd
    http://www.springframework.org/schema/util 
    http://www.springframework.org/schema/util/spring-util-3.2.xsd">


     <bean id="dataSource" class="com.mchange.v2.c3p0.ComboPooledDataSource">
        <property name="driverClass" value="${jdbc_driverClassName}" />
        <property name="jdbcUrl" value="${jdbc_url}" />
        <property name="user" value="${jdbc_username}" />
        <property name="password"  value="${jdbc_password}" />
        <property name="maxPoolSize" value="5"/>
        <property name="minPoolSize" value="2"/>
        <property name="maxIdleTime" value="1000"/>
        <property name="initialPoolSize" value="3"/>
        <property name="idleConnectionTestPeriod" value="1000"/>
        <property name="preferredTestQuery" value="select 1 from dual"/>
    </bean>
    
    <!-- <bean id="dataSource" class="org.logicalcobwebs.proxool.ProxoolDataSource">
	    <property name="driver" value="${jdbc_driverClassName}" />
	    <property name="driverUrl" value="${jdbc_url}?user=HELLO&amp;password=HELLO" />
	    <property name="user" value="${jdbc_username}" />
	    <property name="password" value="${jdbc_password}" />
	    <property name="alias" value="Pool_dbname" />
	    <property name="houseKeepingSleepTime" value="90000" />
	    <property name="prototypeCount" value="0" />
	    <property name="maximumConnectionCount" value="50" />
	    <property name="minimumConnectionCount" value="2" />
	    <property name="simultaneousBuildThrottle" value="50" />
	    <property name="maximumConnectionLifetime" value="14400000" />
	    <property name="houseKeepingTestSql" value="select CURRENT_DATE" />
	</bean> -->

	<!-- <bean id="dataSource"  class="org.springframework.jdbc.datasource.DriverManagerDataSource">  
        <property name="driverClassName">  
            <value>org.logicalcobwebs.proxool.ProxoolDriver</value>  
        </property>  
        <property name="url">  
            <value>proxool.bmsdbv2</value>  
        </property>  
    </bean>  --> 
    
    <!-- mybatis文件配置，扫描所有mapper文件 -->
      <bean id="sqlSessionFactory"
          class="org.mybatis.spring.SqlSessionFactoryBean"
          p:dataSource-ref="dataSource"
          p:configLocation="classpath:conf/mybatis-config.xml"
          p:mapperLocations="classpath:mapper/**/*.xml"/><!-- configLocation为mybatis属性 mapperLocations为所有mapper-->
      
   <!-- spring与mybatis整合配置，扫描所有dao -->
  <bean class="org.mybatis.spring.mapper.MapperScannerConfigurer"
        p:basePackage="**.dao" 
        p:sqlSessionFactoryBeanName="sqlSessionFactory"/>
 
   <!-- 对数据源进行事务管理 -->
  <bean id="transactionManager" 
        class="org.springframework.jdbc.datasource.DataSourceTransactionManager"
        p:dataSource-ref="dataSource"/>
   
   <!-- 事务annotation配置 -->
   <tx:annotation-driven transaction-manager="transactionManager"/>
   
</beans>