<?xml version="1.0" encoding="UTF-8" ?>
<!DOCTYPE mapper
 PUBLIC "-//mybatis.org//DTD Mapper 3.0//EN"
"http://mybatis.org/dtd/mybatis-3-mapper.dtd">
<mapper namespace="adminMgr.knowledgeBaseMgr.dao.IKonwledgeBaseMgrDao">
	<select id="getKnowledgeData" parameterType="java.util.Map" resultType="java.util.HashMap">
		SELECT
			A.UUID,
			A.TITTLE,
			A.CONTENT,
			B.KNOWLEDGETYPE_NAME,
			DATE_FORMAT(A.CREATETIME, '%Y-%c-%d %H:%i:%s') AS CREATETIME
		FROM 
			H_HEALTHKNOWLEDGE A LEFT JOIN H_KNOWLEDGETYPE B ON A.CLASSIFICATION = B.KNOWLEDGETYPE_CODE
			WHERE 
				A.DELETE_FLAG = 0
		<if test='KEYWORD!=NULL and KEYWORD!="" '>
			AND(
				A.TITTLE LIKE "%"#{KEYWORD}"%"
			OR 
				A.CONTENT LIKE "%"#{KEYWORD}"%"
			OR
				B.KNOWLEDGETYPE_NAME LIKE "%"#{KEYWORD}"%"
			)
		</if>
		ORDER BY A.CREATETIME DESC
	</select>
	<select id="getKnowledgeDataCount" parameterType="java.util.Map" resultType="int">
		SELECT
			COUNT(1)
		FROM 
			H_HEALTHKNOWLEDGE A LEFT JOIN H_KNOWLEDGETYPE B ON A.CLASSIFICATION = B.KNOWLEDGETYPE_CODE
		WHERE 
				A.DELETE_FLAG = 0
		<if test='KEYWORD!=NULL and KEYWORD!="" '>
			AND(
				A.TITTLE LIKE "%"#{KEYWORD}"%"
			OR 
				A.CONTENT LIKE "%"#{KEYWORD}"%"
			OR
				B.KNOWLEDGETYPE_NAME LIKE "%"#{KEYWORD}"%"
			)
		</if>
	</select>
	
	<select id="getOneKnowledgeData" resultType="java.util.HashMap">
		SELECT	
			A.UUID,
			A.TITTLE,
			A.CONTENT,
			A.CLASSIFICATION
		FROM 
			H_HEALTHKNOWLEDGE A
		WHERE 
			A.DELETE_FLAG = 0
		AND 
			A.UUID = #{UUID}
	</select>
	
	<select id="getClassification" resultType="java.util.HashMap">
		SELECT
			A.KNOWLEDGETYPE_CODE,
			A.KNOWLEDGETYPE_NAME
		FROM 
			H_KNOWLEDGETYPE A
		WHERE 
			A.DELETE_FLAG = 0
	</select>
	
	<insert id="addKnowledgeData" parameterType="java.util.Map">
		INSERT INTO h_healthknowledge
		  (UUID,TITTLE,CONTENT,PICTURE,CLASSIFICATION,CREATETIME,UPDATETIME)
		VALUES
		  (#{UUID},#{TITTLE},#{CONTENT},'',#{CLASSIFICATION},NOW(),NOW())
	</insert>
	
	<update id="modifyKnowledgeData" parameterType="java.util.Map">
		UPDATE H_HEALTHKNOWLEDGE
		SET	TITTLE = #{TITTLE},
			CONTENT = #{CONTENT},
			CLASSIFICATION = #{CLASSIFICATION},
			UPDATETIME = NOW()
		WHERE UUID = #{UUID}
	</update>
	<update id="deleteKnowledgeData" parameterType="java.util.Map">
		UPDATE H_HEALTHKNOWLEDGE
		SET	DELETE_FLAG = 1
		WHERE UUID = #{UUID}
	</update>
</mapper>
